name,category,description,link
Midjourney,Image Generation,Create stunning images and artwork from text descriptions using advanced AI,https://midjourney.com
Copy.ai,Marketing,Generate high-converting marketing copy and content using AI writing assistance,https://copy.ai
Whisper,Audio Transcription,Convert speech to text with high accuracy using OpenAI's advanced speech recognition,https://openai.com/whisper
Runway ML,Video Editing,Create and edit videos with AI-powered effects tools and generation capabilities,https://runwayml.com
Notion AI,Productivity,AI writing assistant integrated with Notion for better note-taking and content creation,https://notion.so
ChatGPT,Chatbot,Versatile AI assistant for answering questions writing and problem-solving,https://chat.openai.com
Stable Diffusion,Image Generation,Open-source AI model for generating and editing images from text descriptions,https://stability.ai
Otter.ai,Audio Transcription,Real-time transcription and meeting notes with AI-powered features,https://otter.ai
Jasper,Content Creation,AI content platform for creating blog posts marketing copy and social media content,https://jasper.ai
Synthesia,Video Generation,Create AI-powered video content with virtual presenters and custom avatars,https://synthesia.io 